timeStamp,elapsed,label,responseCode,responseMessage,threadName,dataType,success,failureMessage,bytes,sentBytes,grpThreads,allThreads,URL,Latency,IdleTime,Connect
2024/01/03 10:13:59.388,2360,VISIT HOME PAGE,200,OK,Thread Group 1-4,text,true,,126542,511,12,12,https://unogeeks.com/tools-qa-demo-site/,1628,0,720
2024/01/03 10:13:58.625,3155,VISIT HOME PAGE,200,OK,Thread Group 1-1,text,true,,126516,511,13,13,https://unogeeks.com/tools-qa-demo-site/,2390,0,1482
2024/01/03 10:13:59.120,2705,VISIT HOME PAGE,200,OK,Thread Group 1-3,text,true,,126552,511,13,13,https://unogeeks.com/tools-qa-demo-site/,1900,0,988
2024/01/03 10:13:59.651,2230,VISIT HOME PAGE,200,OK,Thread Group 1-5,text,true,,126544,511,13,13,https://unogeeks.com/tools-qa-demo-site/,1480,0,597
2024/01/03 10:13:58.854,3135,VISIT HOME PAGE,200,OK,Thread Group 1-2,text,true,,126543,511,13,13,https://unogeeks.com/tools-qa-demo-site/,2364,0,2037
2024/01/03 10:14:00.453,1676,VISIT HOME PAGE,200,OK,Thread Group 1-8,text,true,,126563,511,14,14,https://unogeeks.com/tools-qa-demo-site/,900,0,586
2024/01/03 10:13:59.926,2292,VISIT HOME PAGE,200,OK,Thread Group 1-6,text,true,,126524,511,14,14,https://unogeeks.com/tools-qa-demo-site/,1499,0,588
2024/01/03 10:14:01.761,538,POSTING OUR COMMENT,200,OK,Thread Group 1-4,text,true,,278,708,15,15,https://unogeeks.com/wp-comments-post.php,538,0,0
2024/01/03 10:14:01.882,456,POSTING OUR COMMENT,200,OK,Thread Group 1-5,text,true,,278,708,15,15,https://unogeeks.com/wp-comments-post.php,456,0,0
2024/01/03 10:14:01.783,604,POSTING OUR COMMENT,200,OK,Thread Group 1-1,text,true,,278,708,15,15,https://unogeeks.com/wp-comments-post.php,604,0,0
2024/01/03 10:14:00.186,2201,VISIT HOME PAGE,200,OK,Thread Group 1-7,text,true,,126559,511,15,15,https://unogeeks.com/tools-qa-demo-site/,1430,0,578
2024/01/03 10:14:00.719,1675,VISIT HOME PAGE,200,OK,Thread Group 1-9,text,true,,126558,511,15,15,https://unogeeks.com/tools-qa-demo-site/,900,0,582
2024/01/03 10:14:01.826,606,POSTING OUR COMMENT,200,OK,Thread Group 1-3,text,true,,278,708,15,15,https://unogeeks.com/wp-comments-post.php,606,0,0
2024/01/03 10:14:01.990,489,POSTING OUR COMMENT,200,OK,Thread Group 1-2,text,true,,278,708,15,15,https://unogeeks.com/wp-comments-post.php,489,0,0
2024/01/03 10:14:02.132,492,POSTING OUR COMMENT,200,OK,Thread Group 1-8,text,true,,278,708,16,16,https://unogeeks.com/wp-comments-post.php,492,0,0
2024/01/03 10:14:00.987,1646,VISIT HOME PAGE,200,OK,Thread Group 1-10,text,true,,126553,511,16,16,https://unogeeks.com/tools-qa-demo-site/,882,0,572
2024/01/03 10:14:02.220,515,POSTING OUR COMMENT,200,OK,Thread Group 1-6,text,true,,278,708,16,16,https://unogeeks.com/wp-comments-post.php,515,0,0
2024/01/03 10:14:02.389,452,POSTING OUR COMMENT,200,OK,Thread Group 1-7,text,true,,278,708,17,17,https://unogeeks.com/wp-comments-post.php,452,0,0
2024/01/03 10:14:02.395,519,POSTING OUR COMMENT,200,OK,Thread Group 1-9,text,true,,278,708,17,17,https://unogeeks.com/wp-comments-post.php,519,0,0
2024/01/03 10:14:01.252,1686,VISIT HOME PAGE,200,OK,Thread Group 1-11,text,true,,126563,511,17,17,https://unogeeks.com/tools-qa-demo-site/,915,0,592
2024/01/03 10:14:02.635,524,POSTING OUR COMMENT,200,OK,Thread Group 1-10,text,true,,278,708,18,18,https://unogeeks.com/wp-comments-post.php,524,0,0
2024/01/03 10:14:01.516,1690,VISIT HOME PAGE,200,OK,Thread Group 1-12,text,true,,126553,511,18,18,https://unogeeks.com/tools-qa-demo-site/,929,0,579
2024/01/03 10:14:01.777,1750,VISIT HOME PAGE,200,OK,Thread Group 1-13,text,true,,126553,511,19,19,https://unogeeks.com/tools-qa-demo-site/,957,0,594
2024/01/03 10:14:02.939,900,POSTING OUR COMMENT,200,OK,Thread Group 1-11,text,true,,278,708,20,20,https://unogeeks.com/wp-comments-post.php,900,0,0
2024/01/03 10:14:02.300,1564,"PAGE SHOWN, AFTER COMMENT",200,OK,Thread Group 1-4,text,false,Test failed: text expected to contain /Your comment is awaiting moderation/,127715,625,20,20,https://unogeeks.com/tools-qa-demo-site/?unapproved=1878&moderation-hash=4c870217143adbe1d8cbc51df1c08bf8,1319,0,0
2024/01/03 10:13:59.387,4462,Test,,"Number of samples in transaction : 3, number of failing samples : 1",Thread Group 1-4,,false,,254535,1844,20,20,null,3485,29,720
2024/01/03 10:14:03.208,699,POSTING OUR COMMENT,200,OK,Thread Group 1-12,text,true,,278,708,19,19,https://unogeeks.com/wp-comments-post.php,699,0,0
2024/01/03 10:14:02.040,1894,VISIT HOME PAGE,200,OK,Thread Group 1-14,text,true,,126553,511,19,19,https://unogeeks.com/tools-qa-demo-site/,937,0,601
2024/01/03 10:14:02.479,1502,"PAGE SHOWN, AFTER COMMENT",200,OK,Thread Group 1-2,text,false,Test failed: text expected to contain /Your comment is awaiting moderation/,127683,625,19,19,https://unogeeks.com/tools-qa-demo-site/?unapproved=1878&moderation-hash=4c870217143adbe1d8cbc51df1c08bf8,1234,0,0
2024/01/03 10:13:58.853,5126,Test,,"Number of samples in transaction : 3, number of failing samples : 1",Thread Group 1-2,,false,,254504,1844,19,19,null,4087,8,2037
2024/01/03 10:14:02.301,1701,VISIT HOME PAGE,200,OK,Thread Group 1-15,text,true,,126553,511,18,18,https://unogeeks.com/tools-qa-demo-site/,921,0,580
2024/01/03 10:14:02.339,1663,"PAGE SHOWN, AFTER COMMENT",200,OK,Thread Group 1-5,text,false,Test failed: text expected to contain /Your comment is awaiting moderation/,127741,625,18,18,https://unogeeks.com/tools-qa-demo-site/?unapproved=1878&moderation-hash=4c870217143adbe1d8cbc51df1c08bf8,1457,0,0
2024/01/03 10:13:59.650,4349,Test,,"Number of samples in transaction : 3, number of failing samples : 1",Thread Group 1-5,,false,,254563,1844,18,18,null,3393,5,597
2024/01/03 10:14:02.388,1683,"PAGE SHOWN, AFTER COMMENT",200,OK,Thread Group 1-1,text,false,Test failed: text expected to contain /Your comment is awaiting moderation/,127723,625,17,17,https://unogeeks.com/tools-qa-demo-site/?unapproved=1878&moderation-hash=4c870217143adbe1d8cbc51df1c08bf8,1417,0,0
2024/01/03 10:13:58.586,5442,Test,,"Number of samples in transaction : 3, number of failing samples : 1",Thread Group 1-1,,false,,254517,1844,17,17,null,4411,45,1482
2024/01/03 10:14:03.527,556,POSTING OUR COMMENT,200,OK,Thread Group 1-13,text,true,,278,708,16,16,https://unogeeks.com/wp-comments-post.php,556,0,0
2024/01/03 10:14:02.433,1659,"PAGE SHOWN, AFTER COMMENT",200,OK,Thread Group 1-3,text,false,Test failed: text expected to contain /Your comment is awaiting moderation/,127721,625,16,16,https://unogeeks.com/tools-qa-demo-site/?unapproved=1878&moderation-hash=4c870217143adbe1d8cbc51df1c08bf8,1505,0,0
2024/01/03 10:13:59.119,4970,Test,,"Number of samples in transaction : 3, number of failing samples : 1",Thread Group 1-3,,false,,254551,1844,16,16,null,4011,5,988
2024/01/03 10:14:02.555,1645,VISIT HOME PAGE,200,OK,Thread Group 1-16,text,true,,126558,511,15,15,https://unogeeks.com/tools-qa-demo-site/,888,0,586
2024/01/03 10:14:02.628,1701,"PAGE SHOWN, AFTER COMMENT",200,OK,Thread Group 1-8,text,false,Test failed: text expected to contain /Your comment is awaiting moderation/,127703,625,15,15,https://unogeeks.com/tools-qa-demo-site/?unapproved=1878&moderation-hash=4c870217143adbe1d8cbc51df1c08bf8,1446,0,0
2024/01/03 10:14:00.451,3869,Test,,"Number of samples in transaction : 3, number of failing samples : 1",Thread Group 1-8,,false,,254544,1844,15,15,null,2838,12,586
2024/01/03 10:14:03.840,599,"PAGE SHOWN, AFTER COMMENT",200,OK,Thread Group 1-11,text,false,Test failed: text expected to contain /Your comment is awaiting moderation/,127707,625,14,14,https://unogeeks.com/tools-qa-demo-site/?unapproved=1878&moderation-hash=4c870217143adbe1d8cbc51df1c08bf8,347,0,0
2024/01/03 10:14:01.250,3185,Test,,"Number of samples in transaction : 3, number of failing samples : 1",Thread Group 1-11,,false,,254548,1844,14,14,null,2162,6,592
2024/01/03 10:14:03.908,602,"PAGE SHOWN, AFTER COMMENT",200,OK,Thread Group 1-12,text,false,Test failed: text expected to contain /Your comment is awaiting moderation/,127707,625,13,13,https://unogeeks.com/tools-qa-demo-site/?unapproved=1878&moderation-hash=4c870217143adbe1d8cbc51df1c08bf8,355,0,0
2024/01/03 10:14:01.514,2991,Test,,"Number of samples in transaction : 3, number of failing samples : 1",Thread Group 1-12,,false,,254538,1844,13,13,null,1983,6,579
2024/01/03 10:14:02.816,1729,VISIT HOME PAGE,200,OK,Thread Group 1-17,text,true,,126568,511,12,12,https://unogeeks.com/tools-qa-demo-site/,970,0,599
2024/01/03 10:14:04.003,627,POSTING OUR COMMENT,200,OK,Thread Group 1-15,text,true,,278,708,12,12,https://unogeeks.com/wp-comments-post.php,627,0,0
2024/01/03 10:14:04.084,577,"PAGE SHOWN, AFTER COMMENT",200,OK,Thread Group 1-13,text,false,Test failed: text expected to contain /Your comment is awaiting moderation/,127702,625,12,12,https://unogeeks.com/tools-qa-demo-site/?unapproved=1878&moderation-hash=4c870217143adbe1d8cbc51df1c08bf8,316,0,0
2024/01/03 10:14:01.773,2883,Test,,"Number of samples in transaction : 3, number of failing samples : 1",Thread Group 1-13,,false,,254533,1844,12,12,null,1829,7,594
2024/01/03 10:14:03.935,731,POSTING OUR COMMENT,200,OK,Thread Group 1-14,text,true,,278,708,11,11,https://unogeeks.com/wp-comments-post.php,731,0,0
2024/01/03 10:14:04.202,493,POSTING OUR COMMENT,200,OK,Thread Group 1-16,text,true,,278,708,11,11,https://unogeeks.com/wp-comments-post.php,493,0,0
2024/01/03 10:14:03.071,1711,VISIT HOME PAGE,200,OK,Thread Group 1-18,text,true,,126553,511,11,11,https://unogeeks.com/tools-qa-demo-site/,944,0,591
2024/01/03 10:14:02.915,1935,"PAGE SHOWN, AFTER COMMENT",200,OK,Thread Group 1-9,text,false,Test failed: text expected to contain /Your comment is awaiting moderation/,127698,625,11,11,https://unogeeks.com/tools-qa-demo-site/?unapproved=1878&moderation-hash=4c870217143adbe1d8cbc51df1c08bf8,1685,0,0
2024/01/03 10:14:00.717,4129,Test,,"Number of samples in transaction : 3, number of failing samples : 1",Thread Group 1-9,,false,,254534,1844,11,11,null,3104,5,582
2024/01/03 10:14:03.160,1794,"PAGE SHOWN, AFTER COMMENT",200,OK,Thread Group 1-10,text,false,Test failed: text expected to contain /Your comment is awaiting moderation/,127693,625,10,10,https://unogeeks.com/tools-qa-demo-site/?unapproved=1878&moderation-hash=4c870217143adbe1d8cbc51df1c08bf8,1550,0,0
2024/01/03 10:14:00.985,3964,Test,,"Number of samples in transaction : 3, number of failing samples : 1",Thread Group 1-10,,false,,254524,1844,10,10,null,2956,22,572
2024/01/03 10:14:04.546,445,POSTING OUR COMMENT,200,OK,Thread Group 1-17,text,true,,278,708,9,9,https://unogeeks.com/wp-comments-post.php,445,0,0
2024/01/03 10:14:02.736,2262,"PAGE SHOWN, AFTER COMMENT",200,OK,Thread Group 1-6,text,false,Test failed: text expected to contain /Your comment is awaiting moderation/,127701,625,9,9,https://unogeeks.com/tools-qa-demo-site/?unapproved=1878&moderation-hash=4c870217143adbe1d8cbc51df1c08bf8,1995,0,0
2024/01/03 10:13:59.924,5069,Test,,"Number of samples in transaction : 3, number of failing samples : 1",Thread Group 1-6,,false,,254503,1844,9,9,null,4009,6,588
2024/01/03 10:14:02.844,2160,"PAGE SHOWN, AFTER COMMENT",200,OK,Thread Group 1-7,text,false,Test failed: text expected to contain /Your comment is awaiting moderation/,127696,625,8,8,https://unogeeks.com/tools-qa-demo-site/?unapproved=1878&moderation-hash=4c870217143adbe1d8cbc51df1c08bf8,1908,0,0
2024/01/03 10:14:00.185,4813,Test,,"Number of samples in transaction : 3, number of failing samples : 1",Thread Group 1-7,,false,,254533,1844,8,8,null,3790,7,578
2024/01/03 10:14:03.329,1694,VISIT HOME PAGE,200,OK,Thread Group 1-19,text,true,,126553,511,7,7,https://unogeeks.com/tools-qa-demo-site/,905,0,588
2024/01/03 10:14:04.783,407,POSTING OUR COMMENT,200,OK,Thread Group 1-18,text,true,,278,708,7,7,https://unogeeks.com/wp-comments-post.php,407,0,0
2024/01/03 10:14:04.631,577,"PAGE SHOWN, AFTER COMMENT",200,OK,Thread Group 1-15,text,false,Test failed: text expected to contain /Your comment is awaiting moderation/,127690,625,7,7,https://unogeeks.com/tools-qa-demo-site/?unapproved=1878&moderation-hash=4c870217143adbe1d8cbc51df1c08bf8,322,0,0
2024/01/03 10:14:02.298,2905,Test,,"Number of samples in transaction : 3, number of failing samples : 1",Thread Group 1-15,,false,,254521,1844,7,7,null,1870,8,580
2024/01/03 10:14:03.583,1632,VISIT HOME PAGE,200,OK,Thread Group 1-20,text,true,,126553,511,6,6,https://unogeeks.com/tools-qa-demo-site/,883,0,563
2024/01/03 10:14:04.667,561,"PAGE SHOWN, AFTER COMMENT",200,OK,Thread Group 1-14,text,false,Test failed: text expected to contain /Your comment is awaiting moderation/,127690,625,6,6,https://unogeeks.com/tools-qa-demo-site/?unapproved=1878&moderation-hash=4c870217143adbe1d8cbc51df1c08bf8,333,0,0
2024/01/03 10:14:02.039,3186,Test,,"Number of samples in transaction : 3, number of failing samples : 1",Thread Group 1-14,,false,,254521,1844,6,6,null,2001,5,601
2024/01/03 10:14:04.697,562,"PAGE SHOWN, AFTER COMMENT",200,OK,Thread Group 1-16,text,false,Test failed: text expected to contain /Your comment is awaiting moderation/,127690,625,5,5,https://unogeeks.com/tools-qa-demo-site/?unapproved=1878&moderation-hash=4c870217143adbe1d8cbc51df1c08bf8,309,0,0
2024/01/03 10:14:02.555,2700,Test,,"Number of samples in transaction : 3, number of failing samples : 1",Thread Group 1-16,,false,,254526,1844,5,5,null,1690,5,586
2024/01/03 10:14:05.024,425,POSTING OUR COMMENT,200,OK,Thread Group 1-19,text,true,,278,708,4,4,https://unogeeks.com/wp-comments-post.php,425,0,0
2024/01/03 10:14:04.993,593,"PAGE SHOWN, AFTER COMMENT",200,OK,Thread Group 1-17,text,false,Test failed: text expected to contain /Your comment is awaiting moderation/,127690,625,4,4,https://unogeeks.com/tools-qa-demo-site/?unapproved=1878&moderation-hash=4c870217143adbe1d8cbc51df1c08bf8,338,0,0
2024/01/03 10:14:02.814,2767,Test,,"Number of samples in transaction : 3, number of failing samples : 1",Thread Group 1-17,,false,,254536,1844,4,4,null,1753,5,599
2024/01/03 10:14:05.217,433,POSTING OUR COMMENT,200,OK,Thread Group 1-20,text,true,,278,708,3,3,https://unogeeks.com/wp-comments-post.php,433,0,0
2024/01/03 10:14:05.191,607,"PAGE SHOWN, AFTER COMMENT",200,OK,Thread Group 1-18,text,false,Test failed: text expected to contain /Your comment is awaiting moderation/,127690,625,3,3,https://unogeeks.com/tools-qa-demo-site/?unapproved=1878&moderation-hash=4c870217143adbe1d8cbc51df1c08bf8,358,0,0
2024/01/03 10:14:03.070,2725,Test,,"Number of samples in transaction : 3, number of failing samples : 1",Thread Group 1-18,,false,,254521,1844,3,3,null,1709,5,591
2024/01/03 10:14:05.450,570,"PAGE SHOWN, AFTER COMMENT",200,OK,Thread Group 1-19,text,false,Test failed: text expected to contain /Your comment is awaiting moderation/,127690,625,2,2,https://unogeeks.com/tools-qa-demo-site/?unapproved=1878&moderation-hash=4c870217143adbe1d8cbc51df1c08bf8,318,0,0
2024/01/03 10:14:03.328,2689,Test,,"Number of samples in transaction : 3, number of failing samples : 1",Thread Group 1-19,,false,,254521,1844,2,2,null,1648,5,588
2024/01/03 10:14:05.651,606,"PAGE SHOWN, AFTER COMMENT",200,OK,Thread Group 1-20,text,false,Test failed: text expected to contain /Your comment is awaiting moderation/,127700,625,1,1,https://unogeeks.com/tools-qa-demo-site/?unapproved=1878&moderation-hash=4c870217143adbe1d8cbc51df1c08bf8,353,0,0
2024/01/03 10:14:03.582,2671,Test,,"Number of samples in transaction : 3, number of failing samples : 1",Thread Group 1-20,,false,,254531,1844,1,1,null,1669,6,563
